{"cameraMode":{"drawMode":2,"name":"Shaded Wireframe","section":"Shading Mode"},"sceneLighting":true,"audioPlay":false,"sceneViewState":{"m_AlwaysRefresh":false,"showFog":true,"showSkybox":true,"showFlares":true,"showImageEffects":true,"showParticleSystems":true,"showVisualEffectGraphs":true,"m_FxEnabled":true},"in2DMode":false,"pivot":{"x":0.18920813500881196,"y":1.9570355415344239,"z":0.37958982586860659},"rotation":{"x":-0.03678141534328461,"y":-0.032874785363674167,"z":0.0012105968780815602,"w":-0.9987828135490418},"size":6.696119785308838,"orthographic":false}