{"cameraMode":{"drawMode":2,"name":"Shaded Wireframe","section":"Shading Mode"},"sceneLighting":false,"audioPlay":false,"sceneViewState":{"m_AlwaysRefresh":false,"showFog":true,"showSkybox":false,"showFlares":true,"showImageEffects":true,"showParticleSystems":true,"showVisualEffectGraphs":true,"m_FxEnabled":true},"in2DMode":false,"pivot":{"x":-0.0013159215450286866,"y":0.9563075304031372,"z":0.0011055320501327515},"rotation":{"x":-0.12048973888158798,"y":-0.020749125629663469,"z":0.0025189106818288566,"w":-0.9924954771995544},"size":0.5344547629356384,"orthographic":false}